step,layer,rho,corr_bias_a,corr_bias_b,kappa,rho_fisher_low,rho_fisher_high,rho_boot_low,rho_boot_high,kappa_boot_low,kappa_boot_high,boot_resamples,kappa_boot_undefined
100,2,0.8398777805000341,0.8956306100426207,0.9132054959521058,0.9868262113348735,0.7486191239406584,0.8999033045839403,0.7561848255078389,0.923416689995604,0.9604833237771218,1.0143815298803278,10000,0
100,3,0.943268819495009,0.9654225197680556,0.9690735180736236,0.9959082638105625,0.9079891133471192,0.9652674857451464,0.9071381607678511,0.9668671324116701,0.9846955831545736,1.0040691984967438,10000,0
100,4,0.7875074060233167,0.8083725766331112,0.9744213231525807,1.0001194010819132,0.6717266677233346,0.865732489177256,0.7030098076533896,0.9010842007885129,0.9754799689133202,1.0246194633030954,10000,0
100,5,0.5758068710435795,0.632822511097198,0.9344806395206232,1.013415849991546,0.3844019582986835,0.719746697519375,0.4650432888775099,0.9121095463136671,0.9560731046027985,1.0786636004940668,10000,0
100,6,0.8049375078392782,0.8411426110631987,0.948155538417955,0.9953905832613752,0.697044279359774,0.8771868907894493,0.6862250296017814,0.9082669824620223,0.9713246424290254,1.0239675656934653,10000,0
100,7,0.8138782283767726,0.864793836736448,0.9296713128336438,0.9938968001040195,0.7101361124303694,0.8830306557540535,0.7433386168859384,0.893517927919263,0.9462958260977636,1.029118647613903,10000,0
100,8,0.7821653925427774,0.7997704967111822,0.9285092382294818,0.9743758377341915,0.6640210476114864,0.862205438466851,0.6817128680797423,0.9089103532522789,0.9230261571328339,1.0080693435449057,10000,0
100,9,0.767694492856664,0.8539325635051024,0.9295738365053609,1.0168561528111053,0.6432727168380403,0.8526119186372985,0.6684961032395085,0.8900944063953115,0.9919359029733802,1.037250476032305,10000,0
200,2,0.5931300120678948,0.6910231623740909,0.9011620899717736,1.0246435470211832,0.4065981809844434,0.7321906464564827,0.5194497184185793,0.7562616150239063,0.9175874940053054,1.0753651475914963,10000,0
200,3,0.7093987947708156,0.739290066023844,0.9118236116258824,0.9748047329662894,0.5614993744807586,0.8133759989320495,0.5511308446231091,0.8353463402080491,0.9298239821060623,1.0271004882300525,10000,0
200,4,0.506131793718538,0.4048884404645964,0.8939757519027584,0.8456657639287154,0.2973074079999027,0.6687442093148103,0.43247551375104465,0.6823777323446243,0.6175995404859976,1.0466306074090093,10000,0
200,5,0.27410329993391247,0.13502674421905247,0.8738715888656783,0.6561098774612762,0.03033350554025788,0.4870971274418078,0.2214690142698632,0.7319983721775993,0.3224436699090637,0.996546997471473,10000,50
200,6,0.31185407851753666,0.46548998938728964,0.8400802331460121,1.1197983976473662,0.07152329455938958,0.5179617899260198,0.16180778688110442,0.5053918496147389,0.9978263795008748,1.3662761309916895,10000,0
200,7,0.41084236457844503,0.384429482344022,0.8263299742044903,0.8793210840710732,0.18356733317264146,0.5964228502448491,0.2031855979039842,0.6031717383040945,0.7218272035189162,1.0497453850466725,10000,3
200,8,0.28978649257370453,0.22706709078059706,0.8458651198765123,0.8141203057541405,0.04734545852318211,0.4999844805315058,0.1956609263562579,0.5199366022393839,0.6853553821116365,1.0469795814949436,10000,0
200,9,0.26557266779297733,0.28286828328137537,0.8311444407668314,0.9408896504423637,0.021139038196560905,0.4800480827883335,0.041330057899738384,0.5332282924896101,0.7009387961016331,1.7086228755067987,10000,81
350,2,0.38650136066316043,0.5239298146172527,0.8348044819965946,1.063783938754845,0.15545732581364136,0.5774527509439926,0.26278969019628834,0.6457069203041962,0.8464926281738723,1.2138096336498563,10000,0
350,3,0.2601570544420064,0.27468840449776377,0.7133263219171534,0.8678536312503109,0.015323371134103241,0.47555862598313536,0.08495091771956303,0.4559983254881868,0.46976472417354725,1.3467032904272354,10000,90
350,4,0.31172640941460067,0.2817996142470993,0.7198937210050872,0.8067102801898689,0.07138259990234554,0.5178583055701682,0.08323999072578547,0.4874348528663677,0.3500820868028426,1.7364312550021443,10000,149
350,5,0.10145301705369576,-0.07882366709461806,0.6794573472710038,nan,-0.14805281815086055,0.3388170324763028,-0.0018679447896861824,0.2762831779106616,0.3533910855698921,2.409416535344548,10000,6720
350,6,0.1063038184794398,0.3192314139851188,0.7267161870497196,1.4772731189107173,-0.14325313367475648,0.34315059093734435,-0.08298196249374384,0.2940012765298492,1.040433520589617,4.0931495164271405,10000,1305
350,7,0.08558418259782544,0.11675560862252861,0.6915732234474566,0.971317486498689,-0.1636727399147473,0.3245695816351479,-0.07100853266896825,0.3301266967901584,0.39454737817545327,2.325016796381619,10000,2649
350,8,0.07812996031101233,0.05323281636438102,0.7666770970335669,0.7227484432990816,-0.17096714866259344,0.3178393412163722,0.0038518135506026047,0.19994648338392512,0.26177157687285457,1.7867312825547128,10000,1253
350,9,0.022271678740487286,0.0684700280105346,0.753819405431446,1.5223251861845035,-0.22477249428798238,0.2666256035138301,-0.1663203259703109,0.22593517513250722,0.38114287366873095,4.339702437076442,10000,4736
500,2,0.29813302157192545,0.45607057543267954,0.8363952924633342,1.1311410819122576,0.05645685592570517,0.5068053291813116,0.18924420015028814,0.5773551174765801,0.8586100174809067,1.2960043175055695,10000,0
500,3,0.29778536407131706,0.32090352971836006,0.6566519040067379,0.8412075784951442,0.05607653425027935,0.5065217412789831,0.1643521411324135,0.4612881261531012,0.4453290060552527,1.1922361175048355,10000,34
500,4,0.2703965834931666,0.11657302028548269,0.7227662171592826,0.558209658813647,0.026333265799364937,0.4840375936158807,0.07110930349671987,0.4310998935614121,0.15879032082145667,1.9123189448732603,10000,1352
500,5,0.0340666373794975,-0.203078843703274,0.7018070810934902,nan,-0.21353513017439604,0.27755598666187786,-0.12072673265187354,0.2016039649437159,0.1253073169701794,2.062165346132483,10000,8222
500,6,0.1237136533949906,0.2614308192801185,0.68814293240018,1.205893356965543,-0.12592954212383403,0.3586214119401734,-0.10911572566971288,0.334718671354054,0.8690640113293269,3.135483404774394,10000,1374
500,7,0.05212556962081187,0.09134403083260687,0.7220420270125701,1.124853379750644,-0.19620201622129696,0.2941699339923419,-0.12253012317789663,0.31613606619523477,0.5104780720955989,2.864290606009253,10000,3328
500,8,0.10791647749802706,-0.06181119366432878,0.7342074314052828,nan,-0.14165486430433538,0.3445890616143222,-0.0313555626273032,0.23857688756412207,0.09649176241069035,2.4002513670948855,10000,8430
500,9,0.000589138777377113,-0.10040813339251149,0.7053991771369597,nan,-0.24525999449606692,0.24636707543825279,-0.19567316533244594,0.20097192898521435,0.1401760466835342,1.5748886073921327,10000,8549
