run,layer,n_steps,lag_dumps,lag_steps,c_forward,c_backward,asymmetry,pairs
A,2,18,-4,-100,0.7974415578256396,0.7996144768810247,-0.002172919055385081,10
A,2,18,-3,-75,0.8086898528011304,0.8338955417150734,-0.025205688913943036,12
A,2,18,-2,-50,0.8135720947227184,0.8597714561776412,-0.04619936145492276,14
A,2,18,-1,-25,0.8229976729569992,0.8678831551228575,-0.044885482165858304,16
A,2,18,0,0,0.8571396841374892,0.8571396841374892,0.0,18
A,2,18,1,25,0.8678831551228575,0.8229976729569992,0.044885482165858304,16
A,2,18,2,50,0.8597714561776412,0.8135720947227184,0.04619936145492276,14
A,2,18,3,75,0.8338955417150734,0.8086898528011304,0.025205688913943036,12
A,2,18,4,100,0.7996144768810247,0.7974415578256396,0.002172919055385081,10
B,2,19,-4,-100,0.7983768234092371,0.7353313333346292,0.06304549007460791,11
B,2,19,-3,-75,0.8042691004148594,0.7975433326652811,0.0067257677495783375,13
B,2,19,-2,-50,0.803451506318336,0.8514801407595307,-0.04802863444119476,15
B,2,19,-1,-25,0.8281693354868601,0.883988105940974,-0.055818770454113875,17
B,2,19,0,0,0.8764408806527191,0.8764408806527191,0.0,19
B,2,19,1,25,0.883988105940974,0.8281693354868601,0.055818770454113875,17
B,2,19,2,50,0.8514801407595307,0.803451506318336,0.04802863444119476,15
B,2,19,3,75,0.7975433326652811,0.8042691004148594,-0.0067257677495783375,13
B,2,19,4,100,0.7353313333346292,0.7983768234092371,-0.06304549007460791,11
A,3,18,-4,-100,0.6531253128544148,0.7952349127175609,-0.14210959986314609,10
A,3,18,-3,-75,0.6798252207284144,0.8040066991148712,-0.12418147838645677,12
A,3,18,-2,-50,0.7135993683396328,0.8062518219381963,-0.09265245359856356,14
A,3,18,-1,-25,0.7453776208255785,0.792964854927809,-0.047587234102230536,16
A,3,18,0,0,0.7736336370419703,0.7736336370419703,0.0,18
A,3,18,1,25,0.792964854927809,0.7453776208255785,0.047587234102230536,16
A,3,18,2,50,0.8062518219381963,0.7135993683396328,0.09265245359856356,14
A,3,18,3,75,0.8040066991148712,0.6798252207284144,0.12418147838645677,12
A,3,18,4,100,0.7952349127175609,0.6531253128544148,0.14210959986314609,10
B,3,18,-4,-100,0.6261767552010546,0.8373066238074584,-0.2111298686064037,10
B,3,18,-3,-75,0.6758048184969839,0.8471407514665031,-0.1713359329695192,12
B,3,18,-2,-50,0.7258078108884842,0.8443489246012764,-0.11854111371279219,14
B,3,18,-1,-25,0.772240444452912,0.8323942907782178,-0.06015384632530585,16
B,3,18,0,0,0.810435434727989,0.810435434727989,0.0,18
B,3,18,1,25,0.8323942907782178,0.772240444452912,0.06015384632530585,16
B,3,18,2,50,0.8443489246012764,0.7258078108884842,0.11854111371279219,14
B,3,18,3,75,0.8471407514665031,0.6758048184969839,0.1713359329695192,12
B,3,18,4,100,0.8373066238074584,0.6261767552010546,0.2111298686064037,10
A,4,18,-4,-100,0.5545778904788982,0.6850837229752628,-0.1305058324963646,10
A,4,18,-3,-75,0.5769277096840711,0.6940808987680332,-0.1171531890839621,12
A,4,18,-2,-50,0.6137722645992605,0.7092225455061852,-0.09545028090692476,14
A,4,18,-1,-25,0.648109859750486,0.6985475681288793,-0.05043770837839334,16
A,4,18,0,0,0.6808415012599509,0.6808415012599509,0.0,18
A,4,18,1,25,0.6985475681288793,0.648109859750486,0.05043770837839334,16
A,4,18,2,50,0.7092225455061852,0.6137722645992605,0.09545028090692476,14
A,4,18,3,75,0.6940808987680332,0.5769277096840711,0.1171531890839621,12
A,4,18,4,100,0.6850837229752628,0.5545778904788982,0.1305058324963646,10
B,4,18,-4,-100,0.6499113880821218,0.7011206009812722,-0.05120921289915037,10
B,4,18,-3,-75,0.6843252405025745,0.7489424333684346,-0.0646171928658601,12
B,4,18,-2,-50,0.7280288126130453,0.7868405255007288,-0.0588117128876835,14
B,4,18,-1,-25,0.772763040386848,0.8036599452517363,-0.030896904864888386,16
B,4,18,0,0,0.8053945411926758,0.8053945411926758,0.0,18
B,4,18,1,25,0.8036599452517363,0.772763040386848,0.030896904864888386,16
B,4,18,2,50,0.7868405255007288,0.7280288126130453,0.0588117128876835,14
B,4,18,3,75,0.7489424333684346,0.6843252405025745,0.0646171928658601,12
B,4,18,4,100,0.7011206009812722,0.6499113880821218,0.05120921289915037,10
A,5,17,-4,-100,0.6507070780997976,0.7597670239372926,-0.10905994583749501,9
A,5,17,-3,-75,0.6742490693227519,0.7826545237604532,-0.10840545443770133,11
A,5,17,-2,-50,0.7039996031809116,0.7998487129074565,-0.09584910972654492,13
A,5,17,-1,-25,0.7419806651976456,0.7971668901221495,-0.05518622492450387,15
A,5,17,0,0,0.7840163030660877,0.7840163030660877,0.0,17
A,5,17,1,25,0.7971668901221495,0.7419806651976456,0.05518622492450387,15
A,5,17,2,50,0.7998487129074565,0.7039996031809116,0.09584910972654492,13
A,5,17,3,75,0.7826545237604532,0.6742490693227519,0.10840545443770133,11
A,5,17,4,100,0.7597670239372926,0.6507070780997976,0.10905994583749501,9
B,5,17,-4,-100,0.60928486568812,0.7596562018466992,-0.15037133615857923,9
B,5,17,-3,-75,0.647576124325857,0.7820324327931136,-0.13445630846725665,11
B,5,17,-2,-50,0.6918884280771581,0.7933519254865333,-0.10146349740937521,13
B,5,17,-1,-25,0.7401543828674522,0.7936742226306274,-0.0535198397631752,15
B,5,17,0,0,0.7786437977182479,0.7786437977182479,0.0,17
B,5,17,1,25,0.7936742226306274,0.7401543828674522,0.0535198397631752,15
B,5,17,2,50,0.7933519254865333,0.6918884280771581,0.10146349740937521,13
B,5,17,3,75,0.7820324327931136,0.647576124325857,0.13445630846725665,11
B,5,17,4,100,0.7596562018466992,0.60928486568812,0.15037133615857923,9
A,6,18,-4,-100,0.6979349760866421,0.7928860897149554,-0.09495111362831332,10
A,6,18,-3,-75,0.726649303009383,0.8153012232865694,-0.08865192027718638,12
A,6,18,-2,-50,0.7532708470563672,0.832605140129284,-0.07933429307291684,14
A,6,18,-1,-25,0.7820482354932896,0.8282373909609522,-0.04618915546766256,16
A,6,18,0,0,0.8092068382527677,0.8092068382527677,0.0,18
A,6,18,1,25,0.8282373909609522,0.7820482354932896,0.04618915546766256,16
A,6,18,2,50,0.832605140129284,0.7532708470563672,0.07933429307291684,14
A,6,18,3,75,0.8153012232865694,0.726649303009383,0.08865192027718638,12
A,6,18,4,100,0.7928860897149554,0.6979349760866421,0.09495111362831332,10
B,6,17,-4,-100,0.6642867254556036,0.7600177335123314,-0.09573100805672774,9
B,6,17,-3,-75,0.6842637077832608,0.7794685231914055,-0.09520481540814463,11
B,6,17,-2,-50,0.7067403083870917,0.7931166100442636,-0.08637630165717192,13
B,6,17,-1,-25,0.7455324741450001,0.7961114854944419,-0.05057901134944176,15
B,6,17,0,0,0.7818511355062367,0.7818511355062367,0.0,17
B,6,17,1,25,0.7961114854944419,0.7455324741450001,0.05057901134944176,15
B,6,17,2,50,0.7931166100442636,0.7067403083870917,0.08637630165717192,13
B,6,17,3,75,0.7794685231914055,0.6842637077832608,0.09520481540814463,11
B,6,17,4,100,0.7600177335123314,0.6642867254556036,0.09573100805672774,9
A,7,18,-4,-100,0.7303916747623391,0.8089631689928186,-0.07857149423047949,10
A,7,18,-3,-75,0.7508166760841255,0.8492421752355059,-0.09842549915138044,12
A,7,18,-2,-50,0.775765775861343,0.8668099236162844,-0.0910441477549414,14
A,7,18,-1,-25,0.8102678177202726,0.8658770311485328,-0.055609213428260196,16
A,7,18,0,0,0.8425624530325924,0.8425624530325924,0.0,18
A,7,18,1,25,0.8658770311485328,0.8102678177202726,0.055609213428260196,16
A,7,18,2,50,0.8668099236162844,0.775765775861343,0.0910441477549414,14
A,7,18,3,75,0.8492421752355059,0.7508166760841255,0.09842549915138044,12
A,7,18,4,100,0.8089631689928186,0.7303916747623391,0.07857149423047949,10
B,7,18,-4,-100,0.584470658499687,0.782035064919888,-0.1975644064202009,10
B,7,18,-3,-75,0.6265921859139274,0.8068466631958983,-0.18025447728197086,12
B,7,18,-2,-50,0.6740389389133806,0.8147594948955402,-0.1407205559821596,14
B,7,18,-1,-25,0.7326494879601476,0.808653498523912,-0.07600401056376438,16
B,7,18,0,0,0.7819823549482975,0.7819823549482975,0.0,18
B,7,18,1,25,0.808653498523912,0.7326494879601476,0.07600401056376438,16
B,7,18,2,50,0.8147594948955402,0.6740389389133806,0.1407205559821596,14
B,7,18,3,75,0.8068466631958983,0.6265921859139274,0.18025447728197086,12
B,7,18,4,100,0.782035064919888,0.584470658499687,0.1975644064202009,10
A,8,17,-4,-100,0.6950461839306202,0.77279357948837,-0.07774739555774979,9
A,8,17,-3,-75,0.7211440272205739,0.8124555272360232,-0.0913115000154493,11
A,8,17,-2,-50,0.7494562648049097,0.8357618433606192,-0.08630557855570953,13
A,8,17,-1,-25,0.7815373182493013,0.8356126751710845,-0.054075356921783224,15
A,8,17,0,0,0.8191910325396539,0.8191910325396539,0.0,17
A,8,17,1,25,0.8356126751710845,0.7815373182493013,0.054075356921783224,15
A,8,17,2,50,0.8357618433606192,0.7494562648049097,0.08630557855570953,13
A,8,17,3,75,0.8124555272360232,0.7211440272205739,0.0913115000154493,11
A,8,17,4,100,0.77279357948837,0.6950461839306202,0.07774739555774979,9
B,8,17,-4,-100,0.7146412358849351,0.7493475801849221,-0.03470634429998698,9
B,8,17,-3,-75,0.7273596334255233,0.7901697681875429,-0.06281013476201958,11
B,8,17,-2,-50,0.7440656120683352,0.8095069710881002,-0.065441359019765,13
B,8,17,-1,-25,0.7791379848662913,0.81941338697486,-0.040275402108568725,15
B,8,17,0,0,0.8070766819634124,0.8070766819634124,0.0,17
B,8,17,1,25,0.81941338697486,0.7791379848662913,0.040275402108568725,15
B,8,17,2,50,0.8095069710881002,0.7440656120683352,0.065441359019765,13
B,8,17,3,75,0.7901697681875429,0.7273596334255233,0.06281013476201958,11
B,8,17,4,100,0.7493475801849221,0.7146412358849351,0.03470634429998698,9
A,9,18,-4,-100,0.7251388124800829,0.6662373250118283,0.05890148746825463,10
A,9,18,-3,-75,0.7190330573210942,0.7500787674363657,-0.031045710115271463,12
A,9,18,-2,-50,0.7231495669512692,0.8030363506854794,-0.07988678373421021,14
A,9,18,-1,-25,0.7549036405983318,0.8206009701117138,-0.06569732951338203,16
A,9,18,0,0,0.8030089293660381,0.8030089293660381,0.0,18
A,9,18,1,25,0.8206009701117138,0.7549036405983318,0.06569732951338203,16
A,9,18,2,50,0.8030363506854794,0.7231495669512692,0.07988678373421021,14
A,9,18,3,75,0.7500787674363657,0.7190330573210942,0.031045710115271463,12
A,9,18,4,100,0.6662373250118283,0.7251388124800829,-0.05890148746825463,10
B,9,18,-4,-100,0.6921170357956528,0.6492439554823337,0.042873080313319045,10
B,9,18,-3,-75,0.6953046132655106,0.7402769595881259,-0.044972346322615264,12
B,9,18,-2,-50,0.7173406354491714,0.8012503577051511,-0.0839097222559797,14
B,9,18,-1,-25,0.7651794064904566,0.8234779721728499,-0.05829856568239333,16
B,9,18,0,0,0.8085004947602866,0.8085004947602866,0.0,18
B,9,18,1,25,0.8234779721728499,0.7651794064904566,0.05829856568239333,16
B,9,18,2,50,0.8012503577051511,0.7173406354491714,0.0839097222559797,14
B,9,18,3,75,0.7402769595881259,0.6953046132655106,0.044972346322615264,12
B,9,18,4,100,0.6492439554823337,0.6921170357956528,-0.042873080313319045,10
