run,layer,pair,unit_x,unit_y,rho,c_x,c_y,kappa,kappa_boot_low,kappa_boot_high,kappa_boot_undefined
a,2,tail-strided,u0,u1,0.9408215344304169,0.8709669878819853,0.9105509617085962,0.9181197952636093,0.7363865122224559,0.9696776744204809,0.0
a,2,tail-spread,u0,u0,0.9095174965340704,0.8709669878819853,0.9215903578390223,0.9394296848989057,0.8087652817377285,1.0142731638327043,0.0
a,2,tail-spread,u0,u1,0.9182383961455609,0.8709669878819853,0.9213417741922233,0.9348318577967487,0.7843775997434251,0.983449491023365,0.0
a,2,strided-spread,u1,u0,0.9767061952829025,0.9105509617085962,0.9215903578390223,0.9269133103363988,0.7918452807412459,0.9717692619009934,0.0
a,2,strided-spread,u1,u1,0.984246574065302,0.9105509617085962,0.9213417741922233,0.9232313731241241,0.7739507540150365,0.9702119670040762,0.0
a,2,identity:tail,u0,,0.9360028745499396,0.8709669878819853,nan,0.93051742848629,nan,nan,nan
a,2,identity:strided,u1,,1.005148125087537,0.9105509617085962,nan,0.90588734036518,nan,nan,nan
a,2,identity:spread,u0,,0.9717037428665973,0.9215903578390223,nan,0.948427300609405,nan,nan,nan
a,3,tail-strided,u0,u1,0.7376976120442519,0.5627567621963986,0.6712540071173743,0.7155905850389913,0.5259271306269089,0.850094117399384,0.0
a,3,tail-spread,u0,u0,0.5494157202885951,0.5627567621963986,0.7059124425010584,0.8503255698100015,0.670393646672667,1.0226738825723662,0.0
a,3,tail-spread,u0,u1,0.46208896937571575,0.5627567621963986,0.5746132271687291,0.83653741468054,0.6253696503919879,1.1073317246437961,0.0007
a,3,strided-spread,u1,u0,0.8310339035902894,0.6712540071173743,0.7059124425010584,0.7551087331285526,0.5930365231140265,0.8622585374945875,0.0
a,3,strided-spread,u1,u1,0.7968444043895677,0.6712540071173743,0.5746132271687291,0.6957360248041318,0.5018000006176645,0.8269566588542779,0.0
a,3,identity:tail,u0,,0.6983616117635838,0.5627567621963986,nan,0.8058243075177913,nan,nan,nan
a,3,identity:strided,u1,,1.0563261204769436,0.6712540071173743,nan,0.6354609567112619,nan,nan,nan
a,3,identity:spread,u0,,0.7867209638014706,0.7059124425010584,nan,0.8972843930458624,nan,nan,nan
a,4,tail-strided,u0,u1,0.5714389916003532,0.36689681925454315,0.5866386327304511,0.613722955630766,0.3501767677951601,0.7960793455475187,0.0024
a,4,tail-spread,u0,u0,0.39718960269979153,0.36689681925454315,0.5873372162269244,0.7365747006405456,0.4480028112933683,1.061095599841967,0.0068
a,4,tail-spread,u0,u1,0.31671501663363033,0.36689681925454315,0.47194786134896255,0.7394088713447909,0.43524804415466056,1.3647938831467585,0.0318
a,4,strided-spread,u1,u0,0.7592758750240696,0.5866386327304511,0.5873372162269244,0.673642206414323,0.4126961667780111,0.857553205240449,0.0
a,4,strided-spread,u1,u1,0.7259077212319236,0.5866386327304511,0.47194786134896255,0.6175777389783504,0.3132585471520863,0.8301101479254502,0.0018
a,4,identity:tail,u0,,0.5467440564035925,0.36689681925454315,nan,0.6710577187943115,nan,nan,nan
a,4,identity:strided,u1,,1.0451672677691288,0.5866386327304511,nan,0.5612868397444265,nan,nan,nan
a,4,identity:spread,u0,,0.7264635034397088,0.5873372162269244,nan,0.8084882632726355,nan,nan,nan
a,5,tail-strided,u0,u1,0.802133977082855,0.7286947287976646,0.6654500170049424,0.7775119593136242,0.5972063163551555,0.8956749829724007,0.0
a,5,tail-spread,u0,u0,0.3906396497781815,0.7286947287976646,0.4474099366297271,0.91356081993187,0.7461266447355294,1.3122646877734234,0.0066
a,5,tail-spread,u0,u1,0.3578457655180602,0.7286947287976646,0.3984260351816918,0.9007385031710046,0.697080152909815,1.3793606128933582,0.0123
a,5,strided-spread,u1,u0,0.6003110396874076,0.6654500170049424,0.4474099366297271,0.7042427225698175,0.4552997931789874,0.8487041588210422,0.0006
a,5,strided-spread,u1,u1,0.5974249646161846,0.6654500170049424,0.3984260351816918,0.6661773948149277,0.38969773261932134,0.8291788835227715,0.0022
a,5,identity:tail,u0,,0.72247604572531,0.7286947287976646,nan,1.0086074591803407,nan,nan,nan
a,5,identity:strided,u1,,1.1102568477236843,0.6654500170049424,nan,0.5993658299602369,nan,nan,nan
a,5,identity:spread,u0,,0.5406956425607297,0.4474099366297271,nan,0.8274709492956106,nan,nan,nan
a,6,tail-strided,u0,u1,0.6963369601029745,0.6771762163230399,0.6804151448584161,0.8134448435075969,0.7054838014558158,0.922753108036615,0.0
a,6,tail-spread,u0,u0,0.6111579181660954,0.6771762163230399,0.7868612374191232,0.933734063487655,0.860796431053618,1.0291422915131196,0.0
a,6,tail-spread,u0,u1,0.6401493172280033,0.6771762163230399,0.7736577649563404,0.9046584608878131,0.8277710896324905,0.987438213135231,0.0
a,6,strided-spread,u1,u0,0.770979537516657,0.6804151448584161,0.7868612374191232,0.8333254313221139,0.7587543525554059,0.9013378829644644,0.0
a,6,strided-spread,u1,u1,0.8782982082733578,0.6804151448584161,0.7736577649563404,0.7741772978726025,0.6711138427418356,0.860495042644728,0.0
a,6,identity:tail,u0,,0.7429592929222278,0.6771762163230399,nan,0.9114580338036448,nan,nan,nan
a,6,identity:strided,u1,,0.9372477963955776,0.6804151448584161,nan,0.7259714533073579,nan,nan,nan
a,6,identity:spread,u0,,0.8225994667383086,0.7868612374191232,nan,0.9565545192231996,nan,nan,nan
a,7,tail-strided,u0,u1,0.6741508506772755,0.8019577450448226,0.7831911023094977,0.9652305787518267,0.8826943656968166,1.0355685063312887,0.0
a,7,tail-spread,u0,u0,0.7214928937449101,0.8019577450448226,0.8320680235333718,0.9616989241924333,0.899857983130372,1.0279477169635172,0.0
a,7,tail-spread,u0,u1,0.6962592355704219,0.8019577450448226,0.8134358709255061,0.9679477587049357,0.8981744907345445,1.0371824571219386,0.0
a,7,strided-spread,u1,u0,0.8414789303423484,0.7831911023094977,0.8320680235333718,0.8800182231990986,0.8123957498143518,0.9381178102002762,0.0
a,7,strided-spread,u1,u1,0.9123792033036243,0.7831911023094977,0.8134358709255061,0.8356181100765148,0.7629314531096107,0.9062512841574258,0.0
a,7,identity:tail,u0,,0.7602789203009377,0.8019577450448226,nan,1.054820439750437,nan,nan,nan
a,7,identity:strided,u1,,0.8867151681785804,0.7831911023094977,nan,0.8832499210747307,nan,nan,nan
a,7,identity:spread,u0,,0.948984477248593,0.8320680235333718,nan,0.8767983496903985,nan,nan,nan
a,8,tail-strided,u0,u1,0.6750145050577364,0.8047353015125723,0.7184144504374059,0.9254596825004676,0.81335581696674,1.0125965266713544,0.0
a,8,tail-spread,u0,u0,0.17349511270976134,0.8047353015125723,0.27091627179839356,1.1209866719524726,0.8747958197846268,2.7934527249304923,0.0952
a,8,tail-spread,u0,u1,0.12942557962262408,0.8047353015125723,0.2166968535159907,1.1607608981856044,0.8416086372379621,3.1354431121670485,0.1567
a,8,strided-spread,u1,u0,0.40500250652367153,0.7184144504374059,0.27091627179839356,0.6932281971037952,0.4035110961049371,0.8786851285772169,0.0011
a,8,strided-spread,u1,u1,0.38343663655098215,0.7184144504374059,0.2166968535159907,0.6371871796157119,0.3088576988716573,0.8563566135409489,0.0055
a,8,identity:tail,u0,,0.5377387332978364,0.8047353015125723,nan,1.4965172707149124,nan,nan,nan
a,8,identity:strided,u1,,1.2552833992783394,0.7184144504374059,nan,0.5723125557546777,nan,nan,nan
a,8,identity:spread,u0,,0.3226383036344676,0.27091627179839356,nan,0.83969035525716,nan,nan,nan
a,9,tail-strided,u0,u1,0.6935609814632435,0.7989108195243924,0.6396848119990836,0.8584002685853941,0.7181234740730841,0.9501115557349871,0.0
a,9,tail-spread,u0,u0,0.7641540886074849,0.7989108195243924,0.7837906463813578,0.9052295427754329,0.8117931284969264,0.9832704595294957,0.0
a,9,tail-spread,u0,u1,0.7096851253566631,0.7989108195243924,0.6932184520189687,0.8833877185825516,0.761728023380654,0.9752324681249345,0.0
a,9,strided-spread,u1,u0,0.866550762439656,0.6396848119990836,0.7837906463813578,0.7606520736183662,0.6172629858428754,0.8622172942935148,0.0
a,9,strided-spread,u1,u1,0.9280508137974304,0.6396848119990836,0.6932184520189687,0.6912453118420231,0.5353772868370756,0.8275566615774288,0.0
a,9,identity:tail,u0,,0.782052290731219,0.7989108195243924,nan,1.0215567795056397,nan,nan,nan
a,9,identity:strided,u1,,0.8868473242559829,0.6396848119990836,nan,0.7213020713974017,nan,nan,nan
a,9,identity:spread,u0,,0.9771138038519148,0.7837906463813578,nan,0.8021487807167895,nan,nan,nan
b,2,tail-strided,u0,u1,0.9064869838718346,0.7560034682663361,0.8363952924633342,0.8351930997424659,0.6721476474234759,0.9207236553697253,0.0
b,2,tail-spread,u0,u0,0.8718523426269361,0.7560034682663361,0.8471827387652533,0.8570950240789436,0.7629072587219331,0.9645426074721396,0.0
b,2,tail-spread,u0,u1,0.877830530893094,0.7560034682663361,0.8621642875207788,0.8616910219039499,0.7342403626663755,0.9480832708184119,0.0
b,2,strided-spread,u1,u0,0.9617807647773167,0.8363952924633342,0.8471827387652533,0.8583339597051529,0.7843865159151058,0.9254536036140537,0.0
b,2,strided-spread,u1,u1,0.977202649951676,0.8363952924633342,0.8621642875207788,0.8590303079167666,0.7479382779513842,0.9258875379575823,0.0
b,2,identity:tail,u0,,0.9064924934360623,0.7560034682663361,nan,0.8339875660753714,nan,nan,nan
b,2,identity:strided,u1,,0.9999939221071684,0.8363952924633342,nan,0.8364003760151839,nan,nan,nan
b,2,identity:spread,u0,,0.9617866104132615,0.8471827387652533,nan,0.8808427249795409,nan,nan,nan
b,3,tail-strided,u0,u1,0.7367818575057212,0.5581238456273604,0.6566636327127792,0.7052893237509407,0.499877781819072,0.8537869393721123,0.0
b,3,tail-spread,u0,u0,0.5941167915302773,0.5581238456273604,0.7250040938920408,0.8252767400401729,0.6307749355971458,0.9871377212781346,0.0
b,3,tail-spread,u0,u1,0.5236268291403956,0.5581238456273604,0.6082423597076666,0.8051794365686021,0.5909580341810473,1.0139846122743092,0.0
b,3,strided-spread,u1,u0,0.8659132749195083,0.6566636327127792,0.7250040938920408,0.7414886592589256,0.5850172022098346,0.8560675112305188,0.0
b,3,strided-spread,u1,u1,0.8370012718591981,0.6566636327127792,0.6082423597076666,0.6907911335359783,0.494039369738716,0.8278687365357639,0.0
b,3,identity:tail,u0,,0.7109976680342702,0.5581238456273604,nan,0.7849868863430066,nan,nan,nan
b,3,identity:strided,u1,,1.0362648017436369,0.6566636327127792,nan,0.633683235798288,nan,nan,nan
b,3,identity:spread,u0,,0.8356100423969895,0.7250040938920408,nan,0.8676344910986589,nan,nan,nan
b,4,tail-strided,u0,u1,0.5863348921569879,0.5176766249699857,0.7226869671019787,0.7987879769283224,0.6095505218365076,0.9442755718308918,0.0
b,4,tail-spread,u0,u0,0.36909874429175576,0.5176766249699857,0.6395115700105548,0.9470702553230498,0.7722293353341598,1.3944148032155657,0.0032
b,4,tail-spread,u0,u1,0.27420976599545127,0.5176766249699857,0.4918182554927722,0.9635852448558534,0.7353060715478744,1.930910118518945,0.0322
b,4,strided-spread,u1,u0,0.7884414162047946,0.7226869671019787,0.6395115700105548,0.7656223445430358,0.5373147181262202,0.9233141838531683,0.0
b,4,strided-spread,u1,u1,0.7266415580100283,0.7226869671019787,0.4918182554927722,0.6993866170217952,0.4144684417416336,0.9029724094606789,0.0003
b,4,identity:tail,u0,,0.5239133184660117,0.5176766249699857,nan,0.9880959439735436,nan,nan,nan
b,4,identity:strided,u1,,1.1191448499033063,0.7226869671019787,nan,0.6457492675451426,nan,nan,nan
b,4,identity:spread,u0,,0.7045034575041074,0.6395115700105548,nan,0.9077479509840821,nan,nan,nan
b,5,tail-strided,u0,u1,0.7808750735537378,0.7739531131744809,0.701516041306616,0.8338450384957196,0.6878933349489649,0.9353790725767166,0.0
b,5,tail-spread,u0,u0,0.3774989410222615,0.7739531131744809,0.3493257492895619,0.8462813234538739,0.48218373786275176,1.0048054171835596,0.0373
b,5,tail-spread,u0,u1,0.3768315920798583,0.7739531131744809,0.32932731719276936,0.8224273629507243,0.43294730659141484,0.9892209138070214,0.0524
b,5,strided-spread,u1,u0,0.5778439917818222,0.701516041306616,0.3493257492895619,0.6512216072194362,0.23103893667832057,0.876177030654511,0.0355
b,5,strided-spread,u1,u1,0.6035769958010583,0.701516041306616,0.32932731719276936,0.6186803773480132,0.21731723957826962,0.8509601094712957,0.0568
b,5,identity:tail,u0,,0.7142386500813757,0.7739531131744809,nan,1.083605757104158,nan,nan,nan
b,5,identity:strided,u1,,1.0932971401992457,0.701516041306616,nan,0.6416517664893642,nan,nan,nan
b,5,identity:spread,u0,,0.5285333424328853,0.3493257492895619,nan,0.6609341762273404,nan,nan,nan
b,6,tail-strided,u0,u1,0.7013060359970921,0.7262527503181981,0.688009050647358,0.8440869429956405,0.7293631160594132,0.9325790016624957,0.0
b,6,tail-spread,u0,u0,0.6450914904939445,0.7262527503181981,0.837242396690832,0.9708649993375232,0.8850562083038636,1.0555191783704367,0.0
b,6,tail-spread,u0,u1,0.6757770247704173,0.7262527503181981,0.7956004557106329,0.9246762337294718,0.8255448442106157,1.0104212794521377,0.0
b,6,strided-spread,u1,u0,0.7846969429143008,0.688009050647358,0.837242396690832,0.8567846979698555,0.7685472813054481,0.9198702065814923,0.0
b,6,strided-spread,u1,u1,0.8878400167418681,0.688009050647358,0.7956004557106329,0.7851944648969297,0.6694889450980026,0.8741582543917877,0.0
b,6,identity:tail,u0,,0.759300113181938,0.7262527503181981,nan,0.9564765469015263,nan,nan,nan
b,6,identity:strided,u1,,0.9236216666137256,0.688009050647358,nan,0.7449035416956011,nan,nan,nan
b,6,identity:spread,u0,,0.8495869805558325,0.837242396690832,nan,0.9854698999072182,nan,nan,nan
b,7,tail-strided,u0,u1,0.619808504176052,0.7434355041505571,0.7220579687118563,0.9306340022686197,0.848704698677625,1.0342936706491483,0.0
b,7,tail-spread,u0,u0,0.6411749023772123,0.7434355041505571,0.8066667261557928,0.9671202200055325,0.8894289370623882,1.0494656208489654,0.0
b,7,tail-spread,u0,u1,0.6121994225884606,0.7434355041505571,0.7486212390681655,0.9534683101062655,0.8593747270027331,1.0579727931265548,0.0
b,7,strided-spread,u1,u0,0.8174332769508185,0.7220579687118563,0.8066667261557928,0.8441253592319721,0.7728663831551252,0.9091151763393226,0.0
b,7,strided-spread,u1,u1,0.8934024536158407,0.7220579687118563,0.7486212390681655,0.7778458416841566,0.6895597781927093,0.8634343777858535,0.0
b,7,identity:tail,u0,,0.6972537614501431,0.7434355041505571,nan,1.0662337663182564,nan,nan,nan
b,7,identity:strided,u1,,0.8889281613726673,0.7220579687118563,nan,0.8122793270458066,nan,nan,nan
b,7,identity:spread,u0,,0.9195718084671234,0.8066667261557928,nan,0.8772199394634148,nan,nan,nan
b,8,tail-strided,u0,u1,0.6479903865375968,0.7781681847439509,0.7342596767895432,0.93902529964541,0.8294804563391375,1.0381699576703034,0.0
b,8,tail-spread,u0,u0,0.13089202683459056,0.7781681847439509,0.23112536986874083,1.1722060232326665,0.8773172100798384,3.4137457570686283,0.1357
b,8,tail-spread,u0,u1,0.0607530008443334,0.7781681847439509,0.15149179794035436,1.3929881699021762,0.8494810189120509,2.91640131308436,0.2478
b,8,strided-spread,u1,u0,0.3845855160101214,0.7342596767895432,0.23112536986874083,0.6642815447460972,0.34300502524459553,0.8963233821247635,0.0027
b,8,strided-spread,u1,u1,0.3368013971492006,0.7342596767895432,0.15149179794035436,0.5746884345392999,0.22230861132531027,0.8635036531170305,0.0176
b,8,identity:tail,u0,,0.4696176551193194,0.7781681847439509,nan,1.6570249782160247,nan,nan,nan
b,8,identity:strided,u1,,1.3798254377232835,0.7342596767895432,nan,0.5321395422315696,nan,nan,nan
b,8,identity:spread,u0,,0.2787204131014491,0.23112536986874083,nan,0.8292373253071185,nan,nan,nan
b,9,tail-strided,u0,u1,0.7523108103352176,0.8107727537424894,0.7055914696322559,0.872022282470908,0.7109162269713288,0.9707469111672482,0.0
b,9,tail-spread,u0,u0,0.8045652884412169,0.8107727537424894,0.799429159595325,0.8975505546231234,0.8086640091201449,0.9661011093641839,0.0
b,9,tail-spread,u0,u1,0.7381326909245708,0.8107727537424894,0.7200069226194492,0.8893049073008221,0.7458265472975836,0.9821326634791658,0.0
b,9,strided-spread,u1,u0,0.8654926597722356,0.7055914696322559,0.799429159595325,0.8073000121377115,0.667009226971527,0.8923503467024296,0.0
b,9,strided-spread,u1,u1,0.9436458460397233,0.7055914696322559,0.7200069226194492,0.7337371029330932,0.5745844631176343,0.8456603017198782,0.0
b,9,identity:tail,u0,,0.8362720897530461,0.8107727537424894,nan,0.9695083259109044,nan,nan,nan
b,9,identity:strided,u1,,0.899600524223375,0.7055914696322559,nan,0.7843386599195159,nan,nan,nan
b,9,identity:spread,u0,,0.9620855440468037,0.799429159595325,nan,0.8309335531980868,nan,nan,nan
