step,layer,admissible,refused_reason,bias_from,load_ratio_tail,load_ratio_strided,rho,corr_bias_tail,corr_bias_strided,kappa,rho_boot_low,rho_boot_high,kappa_boot_low,kappa_boot_high,kappa_boot_undefined
0,2,True,,A,2.0938,2.4028,0.7020984564052761,nan,nan,nan,0.5908675967288635,0.794121368800431,nan,nan,4000
0,3,True,,A,2.7661,3.4888,0.7033216064068321,nan,nan,nan,0.5928913910144608,0.791415970767406,nan,nan,4000
0,4,False,busiest expert at 4.16x balanced load,A,3.4326,4.1641,nan,nan,nan,nan,nan,nan,nan,nan,nan
0,5,False,busiest expert at 4.92x balanced load; busiest expert at 5.12x balanced load,A,4.9204,5.1235,nan,nan,nan,nan,nan,nan,nan,nan,nan
0,6,False,busiest expert at 3.98x balanced load; busiest expert at 4.74x balanced load,A,3.9805,4.7437,nan,nan,nan,nan,nan,nan,nan,nan,nan
0,7,False,busiest expert at 5.30x balanced load; busiest expert at 6.81x balanced load,A,5.3003,6.8052,nan,nan,nan,nan,nan,nan,nan,nan,nan
0,8,False,busiest expert at 4.22x balanced load; busiest expert at 5.61x balanced load,A,4.2231,5.6099,nan,nan,nan,nan,nan,nan,nan,nan,nan
0,9,False,1 experts received zero tokens; busiest expert at 4.24x balanced load,A,4.916,4.2437,nan,nan,nan,nan,nan,nan,nan,nan,nan
25,2,False,busiest expert at 4.58x balanced load; busiest expert at 3.77x balanced load,A,4.5752,3.7729,nan,nan,nan,nan,nan,nan,nan,nan,nan
25,3,False,1 experts received zero tokens; busiest expert at 5.78x balanced load,A,5.3828,5.7773,nan,nan,nan,nan,nan,nan,nan,nan,nan
25,4,False,3 experts received zero tokens; 3 experts received zero tokens,A,6.6265,6.4395,nan,nan,nan,nan,nan,nan,nan,nan,nan
25,5,False,6 experts received zero tokens; 4 experts received zero tokens,A,6.6372,6.6211,nan,nan,nan,nan,nan,nan,nan,nan,nan
25,6,False,6 experts received zero tokens; 3 experts received zero tokens,A,7.7559,7.8076,nan,nan,nan,nan,nan,nan,nan,nan,nan
25,7,False,16 experts received zero tokens; 12 experts received zero tokens,A,7.9897,7.9634,nan,nan,nan,nan,nan,nan,nan,nan,nan
25,8,False,28 experts received zero tokens; 24 experts received zero tokens,A,7.5493,7.4766,nan,nan,nan,nan,nan,nan,nan,nan,nan
25,9,False,32 experts received zero tokens; 29 experts received zero tokens,A,7.7817,7.5518,nan,nan,nan,nan,nan,nan,nan,nan,nan
50,2,False,busiest expert at 3.78x balanced load,A,3.7778,2.7437,nan,nan,nan,nan,nan,nan,nan,nan,nan
50,3,False,1 experts received zero tokens; 1 experts received zero tokens,A,4.5337,4.0757,nan,nan,nan,nan,nan,nan,nan,nan,nan
50,4,False,1 experts received zero tokens; 1 experts received zero tokens,A,6.2822,5.3682,nan,nan,nan,nan,nan,nan,nan,nan,nan
50,5,False,3 experts received zero tokens; 3 experts received zero tokens,A,6.8325,7.1904,nan,nan,nan,nan,nan,nan,nan,nan,nan
50,6,False,4 experts received zero tokens; 5 experts received zero tokens,A,6.4951,6.4058,nan,nan,nan,nan,nan,nan,nan,nan,nan
50,7,False,9 experts received zero tokens; 8 experts received zero tokens,A,6.4653,6.6968,nan,nan,nan,nan,nan,nan,nan,nan,nan
50,8,False,5 experts received zero tokens; 4 experts received zero tokens,A,7.1055,6.5938,nan,nan,nan,nan,nan,nan,nan,nan,nan
50,9,False,2 experts received zero tokens; 5 experts received zero tokens,A,6.7095,6.4912,nan,nan,nan,nan,nan,nan,nan,nan,nan
75,2,True,,A,2.4199,2.6138,0.9317755792243961,0.8946419610773011,0.899254840084949,0.9292024837498788,0.8828508495292607,0.9648604609185131,0.885939636555604,0.9769505734768368,0
75,3,True,,A,2.5093,2.3911,0.9671568664858298,0.9148613354093367,0.9176320203071301,0.9316728864086267,0.9311115439324895,0.9898793892723728,0.9010980627906977,0.966564686783439,0
75,4,True,,A,2.1709,2.5669,0.9516289555477199,0.9348932987141884,0.9357272822488197,0.958786356506163,0.9192405493807453,0.973659049426517,0.9326727715082541,0.984442116961375,0
75,5,False,busiest expert at 3.64x balanced load; busiest expert at 4.65x balanced load,A,3.6396,4.6519,nan,nan,nan,nan,nan,nan,nan,nan,nan
75,6,False,busiest expert at 3.74x balanced load,A,3.2461,3.7427,nan,nan,nan,nan,nan,nan,nan,nan,nan
75,7,True,,A,3.3735,3.4565,0.9284916609585645,0.8949854023809948,0.8607457501850899,0.9108700358658629,0.8898020389677445,0.9613146915280182,0.835224932283769,0.9818881636454984,0
75,8,False,busiest expert at 5.03x balanced load; busiest expert at 4.57x balanced load,A,5.0337,4.5703,nan,nan,nan,nan,nan,nan,nan,nan,nan
75,9,True,,A,3.1382,2.77,0.9287767046263791,0.8836891123306972,0.8991543270924661,0.9249350015920641,0.8472957972807337,0.9664214404783066,0.8803655849593739,0.9830500755430857,0
100,2,True,,A,2.8994,1.9497,0.902672094527051,0.8394538066458029,0.889501558512559,0.9095084738370572,0.8511129500794441,0.9490979604246653,0.8216938702474678,0.9890297011892559,0
100,3,True,,A,2.8525,2.5122,0.9445206034588768,0.9706949984908286,0.9519465246594511,0.9891039912781254,0.8980970792715895,0.9771394618075145,0.9734161368168751,1.0003231730231807,0
100,4,True,,A,2.7974,1.73,0.9070291987222179,0.9469478612204448,0.9403746452464676,0.9908384591595049,0.8566528724509541,0.9496561147357637,0.97028549549113,1.0086159121267129,0
100,5,True,,A,2.668,2.2041,0.9504933060531726,0.9400595581560067,0.9071593559199927,0.9472071014994391,0.8969062572025369,0.9736834835114424,0.9273098389138076,0.9860592511983677,0
100,6,True,,A,2.6265,2.0098,0.9311747388175573,0.9399785241637865,0.9055031863325754,0.9560670793188978,0.8650704928818984,0.9666229436335322,0.9173610565438236,0.9879024574952147,0
100,7,True,,A,2.7212,2.3149,0.9243463595471398,0.9012806894064385,0.8918760132232904,0.9325344988968182,0.8612887676860481,0.9604430123268887,0.8886793600149563,0.9771970844302067,0
100,8,True,,A,2.1616,2.0273,0.9295732498760727,0.8873028934245138,0.8640522012706144,0.9081636826279864,0.7573455560025578,0.9724626360079136,0.8657261372471428,0.9597727407174834,0
100,9,True,,A,2.292,2.1914,0.8085301984587525,0.8718047973945611,0.8578668058305802,0.9617704654446277,0.6952305962212163,0.9027390082041277,0.9023383581449729,1.0096611521854502,0
125,2,True,,A,2.083,1.603,0.8912001451984629,0.8703315665788758,0.8241660529606826,0.8971438916906285,0.6919227780160662,0.9642020206746537,0.86212840499059,1.0094987446943255,0
125,3,True,,A,2.3726,2.5635,0.9275406567421739,0.9432438143007004,0.9327946535500778,0.9739541881810923,0.8672414626540913,0.9678441142979628,0.9464200686454186,0.9953467485720224,0
125,4,True,,A,2.5176,1.688,0.8272831326708765,0.9173904547280889,0.8898173882497054,0.9933458181608331,0.7494796474578342,0.9047226002134477,0.9582259049626223,1.0258417639178814,0
125,5,True,,A,2.188,1.8569,0.8654596542217587,0.8878445123331817,0.8688224062418515,0.9440838103368714,0.737637712834147,0.9494355755570311,0.886527731390584,0.9809130151899433,0
125,6,True,,A,2.9844,2.291,0.8639147427445568,0.9414441544928324,0.8314009911551102,0.9518469177093076,0.7975685594508698,0.916108614948599,0.8849308522206284,0.9956965583528263,0
125,7,True,,A,2.8145,1.9121,0.9118659708770744,0.9305542157008608,0.8590475348546063,0.9362976512820412,0.8246729236844699,0.9559035757573392,0.8863453579808752,0.974078392997962,0
125,8,True,,A,2.7095,2.0806,0.9296949274916797,0.8868480889167916,0.8730816700536485,0.9126028522698535,0.7374326843950985,0.9734664419397073,0.7931093555029682,0.9644485710678936,0
125,9,True,,A,3.2593,2.4941,0.7874534508161497,0.8594226486017934,0.7838946741641056,0.9249533058789258,0.6493429460668112,0.8911057672120304,0.7852072444291732,0.9802555199081067,0
150,2,True,,A,1.5234,2.0591,0.8949753323973486,0.9090656496532543,0.8615229612361277,0.9354606410097352,0.6990177646366676,0.9641091834444615,0.9036312726875676,0.9892525104649551,0
150,3,True,,A,1.7964,2.4326,0.9071713080087603,0.9496017868075134,0.8999245711274991,0.9705751405495985,0.8515609119711416,0.9515073800035176,0.9439475835639674,0.9922757669249016,0
150,4,True,,A,1.8486,1.9429,0.8090470311909352,0.9233931792149137,0.872228213654402,0.997749484566028,0.7086731546516595,0.8892728036727652,0.9581891670525728,1.0407479010748715,0
150,5,True,,A,1.8237,2.0469,0.8549400866786202,0.9190293996138081,0.8694215994046649,0.9667453115573292,0.6794153571304227,0.9239744120389011,0.9146218259663899,0.9986428856914299,0
150,6,True,,A,1.834,2.2383,0.8262055639504936,0.9253031144629836,0.816924960428126,0.9565089480897078,0.7094196988205241,0.8965957122310843,0.894765945667732,1.0058556921041675,0
150,7,True,,A,2.479,2.0732,0.8074489450891391,0.9141479588265465,0.8424730003537558,0.9766269555511337,0.5835591400545372,0.9170220872236341,0.9340537482146982,1.0309165588174527,0
150,8,True,,A,2.0039,2.0996,0.7950517314141891,0.9207705323406681,0.8409478538465472,0.9868759045871901,0.5016215938165761,0.9264073741559612,0.9202161953864804,1.067664783459618,0
150,9,True,,A,2.0576,3.2817,0.5866646458667539,0.8367684454151139,0.7031452960948174,1.001452203780168,0.4458692167546641,0.7412233536163892,0.8473012935196139,1.0759479948763662,0
175,2,True,,A,1.9146,1.8208,0.8810876782710255,0.9124406809782624,0.8705696046961433,0.9494989877571024,0.6531320900078214,0.9563798002718912,0.8886639629243407,0.9877804818285286,0
175,3,True,,A,1.9961,1.6021,0.8805076958664576,0.9443054562489882,0.8887740120766087,0.9763046214173794,0.8028610014638361,0.9393687259301516,0.946404115905246,0.9977217846428381,0
175,4,True,,A,1.8325,1.9531,0.7535341922038473,0.8995333296339799,0.8446429667238967,1.0041387640437685,0.625632143424728,0.8643994782395604,0.95663867116509,1.060993368952582,0
175,5,True,,A,1.8076,1.7593,0.7735104566235986,0.8816757485112262,0.818092672332445,0.9656563583078542,0.5455988883723408,0.8842246021633451,0.8874280232206242,1.0367254729517432,0
175,6,True,,A,1.9199,1.8306,0.8482950976554811,0.9132394280261709,0.8156898291882194,0.9370901472702552,0.7438290958282511,0.9165030551300037,0.8784486235498441,0.9814296832623686,0
175,7,True,,A,2.1392,2.0449,0.6915812701671636,0.9211164392573061,0.776494401344619,1.0169622206920805,0.4549074250123909,0.8414062783135419,0.9705889310592546,1.0964630234210921,0
175,8,True,,A,1.8931,2.1255,0.7845007190946627,0.881864798079732,0.8077221923003575,0.9528736953495668,0.5975547203158359,0.895464390097982,0.8802643999874591,1.0058042417061883,0
175,9,True,,A,2.0303,1.7612,0.5640560742050358,0.8442092942610026,0.5278861175486891,0.8888613960889759,0.368184979112532,0.7194236633267949,0.6997124610557999,1.024799581203704,0
200,2,True,,A,1.6709,2.0815,0.8963286263259032,0.9064280552027033,0.8609256581866324,0.9330735138775935,0.6998498880854291,0.9610181201491971,0.8383923456914065,0.9736138359446426,0
200,3,True,,A,1.6763,1.8027,0.9019778203143363,0.9174568665627194,0.8614481766131112,0.9360724781981851,0.8272029563869956,0.9487883418406348,0.8961953016078122,0.9690072849619925,0
200,4,True,,A,1.75,1.8096,0.729397850931744,0.8699431079816222,0.7765340104623805,0.9623729931978969,0.5862359364586807,0.8558971632729478,0.9029664913041936,1.0301071254489074,0
200,5,True,,A,1.6733,1.6367,0.7546757139077885,0.8365306362615917,0.742791380216801,0.9073903700905191,0.5462967215824283,0.8669988774926277,0.7968654024341696,0.9920521022133156,0
200,6,True,,A,1.9189,1.8369,0.8177248135514416,0.8814400381477374,0.7508968939059285,0.8996694068919004,0.7085186235837886,0.8939067321805325,0.8278422674174573,0.9570321466418267,0
200,7,True,,A,1.9038,2.2544,0.6290389718128643,0.9022447494171659,0.6661112628631592,0.9774550478280882,0.387272104007009,0.8081602307921758,0.8935825028724683,1.041603883461756,0
200,8,True,,A,1.9028,2.3159,0.7135301675911296,0.824007527242383,0.7472296084968828,0.9289374159018305,0.4961839897644664,0.8624105165235445,0.8396014035930862,1.0043474330263988,0
200,9,True,,A,2.2031,1.9033,0.5611564838249796,0.8045608210438155,0.48741056016089246,0.8359588784971479,0.36429491285540055,0.7281894981022093,0.6424195910174509,0.9805927832564983,0
225,2,True,,A,1.5293,1.396,0.8984386008970144,0.8752020518875577,0.8623291631687178,0.9165296077326106,0.669067085146394,0.9629235262939038,0.8296181074334193,0.9673919534350381,0
225,3,True,,A,1.6494,1.7246,0.8738920959894508,0.8694274369119231,0.8113585367260766,0.8984505315382152,0.7945496494736195,0.9332834679354147,0.8352725197981656,0.9484883212343674,0
225,4,True,,A,1.7114,1.6895,0.7032494461819482,0.8436310245659601,0.745629108141426,0.9457644790323918,0.549068302666193,0.8372277374814113,0.8821766632363454,1.0179092994071346,0
225,5,True,,A,1.9624,1.7812,0.7411532090611914,0.7878629319710443,0.634922005520058,0.8215453218285154,0.522570323331991,0.864930544332682,0.6762528158061663,0.9437058429803159,0
225,6,True,,A,2.1079,1.749,0.7969981281517442,0.8535041118509331,0.7095345344598298,0.8716877188848009,0.6784016889844249,0.8794948204796028,0.7780501932016398,0.9461067132189348,0
225,7,True,,A,1.9858,1.8481,0.6465558100855648,0.8804463091928857,0.6641172558696018,0.9509787479523798,0.43905269138465236,0.8055523437971503,0.847116404519462,1.0203208212807533,0
225,8,True,,A,2.0234,1.853,0.6970961239813843,0.8003669228965029,0.7006897781939345,0.8969353133877233,0.5138325017770272,0.8376384449945591,0.7990359943036024,0.9725971970923336,0
225,9,True,,A,2.3149,1.8154,0.5853976501011829,0.7600917520705781,0.4248486733597719,0.742719208251591,0.34146288770169175,0.7607857069166057,0.5449012538490742,0.8866463440636788,0
250,2,True,,A,1.5752,1.4053,0.9089711478961002,0.8566370166042164,0.8460407411276525,0.8929332764193243,0.6755144439056869,0.9699291469727207,0.8059388041592491,0.9527336180747412,0
250,3,True,,A,1.5625,1.5977,0.8496862727052178,0.8576682630111852,0.7607735079594401,0.8763105886804533,0.746687435023297,0.9187150455015456,0.8066194143117554,0.9363551460619864,0
250,4,True,,A,1.9648,1.8564,0.6221707238049153,0.8158503988139921,0.6368059422134639,0.9138060581928797,0.42177662808925065,0.8111350645229943,0.8067490985431376,1.0249137347081916,0
250,5,True,,A,2.0454,1.9219,0.6841660326949042,0.805053985197602,0.5979868060872608,0.8388369427135351,0.4524091425284464,0.8279298416051201,0.6969723766187954,0.9498118871000719,0
250,6,True,,A,1.8535,2.1094,0.8001179227304663,0.8587595715616138,0.7136164994583968,0.8751676126255922,0.6626404666566612,0.8865144065817601,0.7996106748242052,0.9380868947826764,0
250,7,True,,A,2.1514,2.5557,0.4516814443468737,0.8356226470371448,0.4665536800207608,0.929051493366814,0.22597868539422689,0.6967299207245181,0.728629569136883,1.1012264703161212,2
250,8,True,,A,2.0215,2.0024,0.697253540386184,0.8064741857736899,0.7065107985126279,0.9039809393248796,0.5376916354252752,0.8201185043821241,0.8149409839320331,0.9685270163392027,0
250,9,True,,A,1.8667,1.9863,0.5779597626401739,0.7687346739563414,0.4506164275028941,0.7741817748290838,0.31932868478957144,0.7707361445181745,0.5686535755879125,0.9131359369050798,3
275,2,True,,A,1.6748,1.4849,0.9026090534356184,0.8642554555347942,0.8418063242263831,0.897795272570139,0.6067184480023528,0.9683684669217716,0.8213682990563922,0.9585554808400267,0
275,3,True,,A,1.5996,2.0015,0.8389058381017884,0.8126512890756804,0.7653178287287561,0.8610263081753007,0.7247304801711257,0.9144930717105554,0.7625735705667882,0.931206760317944,0
275,4,True,,A,1.7666,1.8198,0.6058578241008904,0.7598467984158601,0.6407710771544575,0.8964562694293245,0.4130710396283088,0.7750505512322747,0.7784053361845049,1.0135405953861192,0
275,5,True,,A,1.9526,1.6948,0.6726227251896509,0.7715883606620331,0.5902087208246185,0.8228295441099812,0.44681708522243585,0.8094490273545895,0.684017564779016,0.9597366619052099,0
275,6,True,,A,1.7925,1.8086,0.6889512667310748,0.8098251325354163,0.6853803693620545,0.8975676770444511,0.5425620111417165,0.808477185667446,0.8029550513270987,0.9774666533847346,0
275,7,True,,A,2.104,2.3398,0.4657456157404796,0.8265209821023116,0.49478887554545203,0.937049465333612,0.22040087415252804,0.713668924836435,0.7671273236955451,1.1024523607383407,0
275,8,True,,A,1.8774,1.7554,0.7002301046540781,0.788608119056437,0.7044737171268944,0.8907229253902693,0.5515449803762809,0.8238758686675313,0.7939792759843527,0.9704880121836208,0
275,9,True,,A,2.3467,2.1177,0.5408722327329701,0.7660739926069446,0.48358375211961174,0.8276064497446876,0.26382268227919853,0.7762903847242835,0.6769573192479791,1.0041362472371607,0
300,2,True,,A,1.6118,1.3916,0.8776131023207328,0.83285855903684,0.8347773631287776,0.8900602567983724,0.6093937466296327,0.9545698786951938,0.7919975405728032,0.9546827368615051,0
300,3,True,,A,1.7285,1.5269,0.8012667721514192,0.7461800887157704,0.7239425434373852,0.8210796924993734,0.6757907757084888,0.8922083577102702,0.7051125865586726,0.9075747789133384,0
300,4,True,,A,1.8633,1.6729,0.5774481881247003,0.6784825775549066,0.5734078892047442,0.8208138397759699,0.37314875746763715,0.7685722610811643,0.6481568217008083,0.9689291312891388,0
300,5,True,,A,2.0303,1.5757,0.6684689939281964,0.7170238165225327,0.5478125777747671,0.7665529449395232,0.4447120026789224,0.8202706693267322,0.5997925299211548,0.8988779339532748,0
300,6,True,,A,2.0874,1.9502,0.7397567345078545,0.7638526188967378,0.6594255140923,0.8251695538675792,0.5743942974560001,0.8565214611372571,0.7214266722284898,0.9104847779598413,0
300,7,True,,A,2.3345,2.1489,0.4685719464752537,0.763848512992315,0.4866839028089396,0.8907154140184024,0.269791525148509,0.6996495834354906,0.7126511310659202,1.0654465724827795,0
300,8,True,,A,2.0029,1.7104,0.6045318587265519,0.7588393160331146,0.6321453143194731,0.8907868084772409,0.3979776746818246,0.7683785116016311,0.7820957826416178,0.9954677569862062,0
300,9,True,,A,1.9644,1.9951,0.5258927938039435,0.711248452732923,0.43340228917327017,0.7656101066768132,0.26765421118031385,0.7643893788597184,0.5374572605495204,0.956346779218438,3
325,2,True,,A,1.5225,1.4932,0.8837566396266459,0.8561204272980186,0.8409860608178051,0.9026003211650119,0.6063925927813053,0.9565636915597359,0.7759475351228416,0.9588497260634079,0
325,3,True,,A,1.7148,1.5435,0.8096240222077952,0.7736475197085015,0.7473318128093812,0.845058181861737,0.6756320067677988,0.8988336113662413,0.7240493993644612,0.9223220204502466,0
325,4,True,,A,1.9873,1.5576,0.5616196039710414,0.6137468430535489,0.4905935795886145,0.7322079438380696,0.3771403251177877,0.7349367321904087,0.5172671264209217,0.9003589717984073,0
325,5,True,,A,1.7236,1.7578,0.6508143273459215,0.759523368941904,0.5146045510303986,0.774959183467969,0.44209091320598,0.7933171295897573,0.5930069060601145,0.9039588412865603,2
325,6,True,,A,1.897,2.0225,0.7839681082172341,0.7791315579265305,0.673748653558079,0.8182860639019054,0.6669144699031534,0.867896655540025,0.7143020161863018,0.8968406312943776,0
325,7,True,,A,2.0107,2.5522,0.44309349303284423,0.8233015471888259,0.46659553862043984,0.9311123147290878,0.2482291955585845,0.6784134252789056,0.7866050042944034,1.0724628670088105,0
325,8,True,,A,2.1543,1.9014,0.5565161866434403,0.8049212403723683,0.6064337413781129,0.9365467736725104,0.357310821343824,0.7417015716969797,0.8101128432295359,1.0560362232193161,0
325,9,True,,A,2.0879,1.8823,0.5107117054769259,0.8124213412280585,0.39545676571764443,0.7931443971583746,0.25252371076437685,0.7644537238744633,0.5295479032832552,0.9589168342830366,11
350,2,True,,A,1.6089,1.5205,0.8881335781998465,0.8286424042444566,0.8416755620287057,0.8861694840996384,0.6331500484307128,0.9585208350112656,0.7290274278861222,0.9528041198338263,0
350,3,True,,A,1.6797,1.7646,0.8137415947226244,0.6730146678434727,0.6326000355976623,0.7233252284692436,0.7105255936088781,0.8917888939494317,0.5550753323256533,0.8470282839976901,0
350,4,True,,A,2.1187,1.6021,0.5480016821840993,0.5290739834180019,0.3887953888823666,0.6126716855981094,0.3622428216280715,0.7326387198959017,0.3446366964764322,0.8280153554536698,12
350,5,True,,A,2.019,1.6328,0.6632607555414416,0.7265778287820069,0.4782746948302502,0.7238317378393971,0.4484666450957627,0.8056910382067957,0.4918667672576051,0.8739269797599429,11
350,6,True,,A,1.7256,2.0337,0.7582541045812401,0.7727114533682463,0.6486427523431163,0.813025326957751,0.6326475930544364,0.8506610042469713,0.7179893257886375,0.8935619577583505,0
350,7,True,,A,1.8867,2.0098,0.4665703005233771,0.8303541152436386,0.4986146663212775,0.9420102977333901,0.27226546044657374,0.6776488188382438,0.829698415296341,1.0698271876260232,0
350,8,True,,A,2.2295,1.7334,0.5812797187133216,0.8281304109476602,0.6201921534056258,0.9399828178445229,0.39990339472951875,0.7513721234636185,0.8278350992170554,1.0410930265280438,0
350,9,True,,A,2.0308,2.3188,0.5464366582134468,0.7902700349781212,0.45972042944692165,0.8153888078569828,0.2548659980498049,0.7813184403483696,0.6113713083088215,0.9933096270253848,10
375,2,True,,A,1.5566,1.4624,0.908603370707314,0.8336294624359226,0.8514760776307307,0.883864276603564,0.6494311201842087,0.967996713587413,0.7187651588596657,0.9527414692396851,0
375,3,True,,A,1.5977,1.5645,0.7734215187729288,0.6562160713263957,0.6370575666633316,0.7351985550622748,0.6479059326766898,0.8629503218104739,0.5757032010552279,0.8528818995806321,0
375,4,True,,A,1.7988,1.5991,0.5305829655017755,0.544851580977201,0.5011752124606303,0.7173931870008311,0.3501469012501575,0.7044349217603646,0.5037405967697268,0.8905665009179977,0
375,5,True,,A,1.6387,1.8628,0.6905682661761342,0.7352588348039358,0.5075383929622119,0.7351082001014485,0.5088797341925645,0.8124017620109811,0.536002385892194,0.8835620832236503,3
375,6,True,,A,1.9116,2.2896,0.7066935782566992,0.7250566615033793,0.647105821531704,0.814813197229679,0.5535713658080446,0.8248193348534599,0.7071133031802855,0.9075347569953404,0
375,7,True,,A,1.959,2.4121,0.4740636880368023,0.8014577265800551,0.5086126084176905,0.9272898918595989,0.28892931176856657,0.6936365349755608,0.787760978486708,1.0940250329689991,0
375,8,True,,A,1.979,1.9048,0.5622413001160357,0.8325116114011881,0.6165251679968934,0.9554526797467494,0.38165198649139265,0.7432077407870993,0.8272437447351849,1.0647190807620106,0
375,9,True,,A,1.939,1.7075,0.6147860818560927,0.8258011758413986,0.48635126634807024,0.8082593932439808,0.31203373753833197,0.8223049794625882,0.6353270482405944,0.9259030623507031,2
400,2,True,,A,1.5083,1.5342,0.8811729390810755,0.8285566783950026,0.8418889639650119,0.8897294043354527,0.59170941105287,0.9573905263158562,0.7481751942713256,0.9555575354894837,0
400,3,True,,A,1.6743,1.6655,0.7927808023936155,0.6881596321146736,0.6554638822641714,0.7542970635499123,0.6948450143173142,0.8709196910692563,0.58977078446646,0.8668374301614835,0
400,4,True,,A,1.7607,1.5894,0.5180239481635829,0.5354985110485235,0.48688317861821295,0.7094415171489443,0.3237475986328881,0.7028693049017517,0.4831114114831,0.8977101630030426,0
400,5,True,,A,1.6636,1.7144,0.6837996800976166,0.7681117553077527,0.5749404139584837,0.8036356197728608,0.5151754560063639,0.8026046889274551,0.6606746182320313,0.9093492822095459,0
400,6,True,,A,1.9463,2.0991,0.7325291955907557,0.7849339776928155,0.6516770458862664,0.835642091180404,0.5953932581035795,0.8327155960728706,0.7418648732413948,0.9202910775595896,0
400,7,True,,A,1.9604,2.0986,0.4751991421990371,0.8169454285993499,0.5694580947503753,0.9894402762790284,0.27189636472603884,0.6918548519558969,0.8727537347549326,1.1828806908541176,0
400,8,True,,A,2.3374,1.9146,0.46138191897690445,0.8026841421355899,0.5598412642516248,0.9869030905325559,0.24049644721151683,0.6830625048467855,0.8563347333183513,1.1796237721821587,0
400,9,True,,A,2.0459,1.9575,0.49218013659244836,0.820025418023674,0.4355917311763127,0.8519055142624711,0.23390265484569192,0.7481796839253013,0.6514930187022367,1.0214197308681072,0
425,2,True,,A,1.6572,1.4258,0.9081819053033527,0.802491869668548,0.8472493114425992,0.8652458211407534,0.5836187690811401,0.9716795389970978,0.6864064440786435,0.9409592976455348,0
425,3,True,,A,1.7905,1.5938,0.769532339440416,0.5436023655632282,0.6198669863596431,0.6617233878057838,0.6545268828777195,0.8532490549268757,0.46173602190107593,0.8089721686729344,0
425,4,True,,A,1.9863,1.7266,0.5139322118357038,0.3284866153571731,0.47059826270263716,0.548442471776659,0.30663418927126657,0.7013838855575726,0.27011970087396603,0.7576258351493754,18
425,5,True,,A,1.9492,1.6279,0.740014736879198,0.6655093319604964,0.4778712228872692,0.6555598236921452,0.5472389471578663,0.8590983680715065,0.42036859764852924,0.8218217738291028,2
425,6,True,,A,1.7729,2.1064,0.6794519803129375,0.6863946713879604,0.6187098020020456,0.7905895426597654,0.5157098710167289,0.8078191613573842,0.6578448067287063,0.9076902471096768,0
425,7,True,,A,2.0977,2.3096,0.46637898086860186,0.8004215881807384,0.5772098534937918,0.9953063625953247,0.2523636964932561,0.6960827146502087,0.8754449002194162,1.2052007723548832,0
425,8,True,,A,2.4175,1.8833,0.46068899230050897,0.7630800996079373,0.4850218083567118,0.8963173011021061,0.28295167631705953,0.6545451668396913,0.7286877620837563,1.0483951656211163,0
425,9,True,,A,2.3398,1.9365,0.5313796306168407,0.7544188006408377,0.4775645863531084,0.8234170535077114,0.25556334581711676,0.7774683737166005,0.6061393684842578,1.0408530044279671,0
450,2,True,,A,1.5098,1.3965,0.8981533869703868,0.8160665934413535,0.8572604550675158,0.8825593883681486,0.5942140597051131,0.966811136045671,0.667769124454467,0.9546199053263702,0
450,3,True,,A,1.6528,1.6655,0.7471328677987853,0.5581301358231298,0.6193198761679742,0.6801838629538735,0.6242829498276673,0.8476612210004583,0.46136543573898875,0.8372957611883333,0
450,4,True,,A,1.9355,1.7979,0.5563225594855671,0.44048536008120076,0.5451222222031417,0.6569757615859037,0.3716023408713494,0.7303396514755408,0.4431854764241662,0.8320665966586822,0
450,5,True,,A,1.7612,1.7417,0.735983545194502,0.7214875835564247,0.603857687493521,0.7693920210700669,0.5654860519100722,0.8431126034416563,0.6181778406474533,0.8885651181459028,0
450,6,True,,A,1.9189,2.1543,0.7225481564103896,0.7454384927040425,0.6290163241373453,0.8055703387040067,0.5914577909400367,0.8260490155611381,0.6973381177173817,0.9011576722450535,0
450,7,True,,A,2.0034,1.9731,0.5206867684921922,0.8068677194007156,0.6110647422578979,0.973097849225165,0.32652837776384086,0.7386293517617113,0.8536591821612177,1.1258262506701842,0
450,8,True,,A,2.1025,1.6836,0.5777507942474915,0.7959806237716848,0.5833610316088882,0.8964987325498239,0.41391166113186906,0.7512499054611826,0.783717428811871,0.9958062659161683,0
450,9,True,,A,1.9429,2.1606,0.5459014974555328,0.8038109667907711,0.5018638241117819,0.8596323814634694,0.33532120320786835,0.7730839817238558,0.6471136490649155,1.0158947049070957,0
475,2,True,,A,1.5698,1.6006,0.8883114867225459,0.83072508790991,0.8656830503994494,0.8997575122772974,0.6054996464401975,0.9633334185848771,0.6847577086944712,0.960082426009245,0
475,3,True,,A,1.6812,1.5835,0.7576664668583597,0.5437666206796624,0.5823315782205231,0.6464760047321526,0.6371741143092678,0.8540125920946453,0.4231525665906196,0.8064507578983394,0
475,4,True,,A,2.0503,1.6206,0.5248457579424622,0.3063143778551287,0.4899957543570617,0.5347662667242962,0.31489223064595606,0.7148791416762754,0.25287962644215506,0.7539862663800058,23
475,5,True,,A,2.0923,1.6895,0.7629810689658231,0.6764528072667294,0.5541332731063702,0.7009208592130871,0.6026218370087806,0.858678292401299,0.46405999043271334,0.8648366401696066,0
475,6,True,,A,1.8564,1.9653,0.7205914541197191,0.6038447574065647,0.6472384793912902,0.7364618606797813,0.5880728244765303,0.8213308569682086,0.6269695802221277,0.8469897748767508,0
475,7,True,,A,2.0352,2.1309,0.4897226529901884,0.713949404165645,0.5486706894466092,0.8943643943788548,0.29874464458083866,0.7104090202783969,0.7379686716600415,1.1074387982820957,0
475,8,True,,A,2.2666,1.8584,0.5336572250556405,0.7391888765838367,0.5448975936066294,0.868768287678098,0.3631838498013238,0.7127484908562157,0.7382627098639281,0.9913920203541744,0
475,9,True,,A,2.189,2.0425,0.5557652475703756,0.7417910734888827,0.4824912903821547,0.8024904027502593,0.29066834720066437,0.8029515500697453,0.5548966383699304,0.9868477039552558,4
500,2,True,,A,1.5366,1.4883,0.8997031969698995,0.8709669878819853,0.8789800392713489,0.9224455109525034,0.5644486545621772,0.9685893233986635,0.7367264940882771,0.9725864561456092,0
500,3,True,,A,1.5801,1.6763,0.7440433608124767,0.5627771181617562,0.6389151421979246,0.695169457859714,0.6223433125104607,0.8440751603446083,0.4841739894499558,0.8438159567211346,0
500,4,True,,A,1.8584,1.6255,0.524991015939061,0.36677772004438225,0.5206664400672099,0.6031222221569771,0.3364573571438709,0.7061416152845998,0.33086918000647275,0.8038505653269123,7
500,5,True,,A,1.7876,1.6138,0.751675559971718,0.7286866922752134,0.5937249307182086,0.7586611534242058,0.5923113888564867,0.8506709885326623,0.5453391760154608,0.8866239855361993,0
500,6,True,,A,1.7549,2.2578,0.6886124920473453,0.6772035831058066,0.6271662975577781,0.7853505122744066,0.5349615603425778,0.8104144937367803,0.6852206845795896,0.8851869241746434,0
500,7,True,,A,1.9575,2.165,0.4984815539578763,0.8020587189137258,0.5948385732772976,0.9783136153602396,0.3184522153485221,0.7075354816517697,0.8736909948683058,1.1264049690283742,0
500,8,True,,A,2.1118,1.7021,0.5122995548912701,0.8046681645900194,0.5653481085063721,0.942332982801886,0.34101936611533085,0.693634413472043,0.8077117159721289,1.0675451016072108,0
500,9,True,,A,2.082,1.9678,0.5322046222755238,0.7990179271831699,0.43260435311770906,0.8059059891834217,0.28808317542112055,0.7774040142746825,0.5498977115041164,0.9774259977547899,8
